{
  "properties": {
    "connectionReferences": {
      "shared_commondataserviceforapps": {
        "runtimeSource": "embedded",
        "connection": {
          "connectionReferenceLogicalName": "cr17b_sharedcommondataserviceforapps_1e21d"
        },
        "api": {
          "name": "shared_commondataserviceforapps"
        }
      }
    },
    "definition": {
      "$schema": "https://schema.management.azure.com/providers/Microsoft.Logic/schemas/2016-06-01/workflowdefinition.json#",
      "contentVersion": "undefined",
      "parameters": {
        "$connections": {
          "defaultValue": {},
          "type": "Object"
        },
        "$authentication": {
          "defaultValue": {},
          "type": "SecureObject"
        }
      },
      "triggers": {
        "manual": {
          "metadata": {
            "operationMetadataId": "2346aba9-5288-4ed3-b282-c43bbd23f645"
          },
          "type": "Request",
          "kind": "PowerAppV2",
          "inputs": {
            "schema": {
              "type": "object",
              "properties": {
                "text": {
                  "description": "Please enter your input",
                  "title": "Text",
                  "type": "string",
                  "x-ms-content-hint": "TEXT",
                  "x-ms-dynamically-added": true
                }
              },
              "required": [
                "text"
              ]
            }
          }
        }
      },
      "actions": {
        "Count_of_Iteration_to_continue_with_multi_pages_document": {
          "runAfter": {},
          "metadata": {
            "operationMetadataId": "a5484720-2919-4dc9-95fd-88ad0a0617b8"
          },
          "type": "InitializeVariable",
          "inputs": {
            "variables": [
              {
                "name": "IterationCount",
                "type": "integer",
                "value": 0
              }
            ]
          }
        },
        "Initialize_array_to_store_result": {
          "runAfter": {
            "Initialize_Value_of_Index_Increments": [
              "Succeeded"
            ]
          },
          "metadata": {
            "operationMetadataId": "0615b7fe-25e4-4e61-a273-0fe9ff848406"
          },
          "type": "InitializeVariable",
          "inputs": {
            "variables": [
              {
                "name": "ResultArray",
                "type": "array",
                "value": []
              }
            ]
          }
        },
        "Variable_to_store_Starting_index": {
          "runAfter": {
            "Count_of_Iteration_to_continue_with_multi_pages_document": [
              "Succeeded"
            ]
          },
          "metadata": {
            "operationMetadataId": "bd8c12c5-46b5-4db6-b0d1-998bccc55196"
          },
          "type": "InitializeVariable",
          "inputs": {
            "variables": [
              {
                "name": "StartIndex",
                "type": "integer",
                "value": 0
              }
            ]
          }
        },
        "Do_until": {
          "actions": {
            "Extract_the_key_phrases_from_text": {
              "runAfter": {},
              "metadata": {
                "flowSystemMetadata": {
                  "portalOperationId": "aibuilderpredict_keyphraseextraction",
                  "portalOperationGroup": "aibuilder",
                  "portalOperationApiDisplayNameOverride": "AI Builder",
                  "portalOperationIconOverride": "https://content.powerapps.com/resource/makerx/static/pauto/images/designeroperations/aiBuilderNew.51dbdb6b.png",
                  "portalOperationBrandColorOverride": "#0A76C4",
                  "portalOperationApiTierOverride": "Standard"
                },
                "operationMetadataId": "d08d43f6-b48f-4d32-9ac6-1dea71bb34c1"
              },
              "type": "OpenApiConnection",
              "inputs": {
                "host": {
                  "connectionName": "shared_commondataserviceforapps",
                  "operationId": "aibuilderpredict_keyphraseextraction",
                  "apiId": "/providers/Microsoft.PowerApps/apis/shared_commondataserviceforapps"
                },
                "parameters": {
                  "item/requestv2/language": "en",
                  "item/requestv2/text": "@substring(triggerBody()?['text'], variables('StartIndex'), sub(variables('EndIndex'), variables('StartIndex')))"
                },
                "authentication": "@parameters('$authentication')"
              }
            },
            "Increment_Iteration_Count": {
              "runAfter": {
                "Apply_to_each": [
                  "Succeeded"
                ]
              },
              "metadata": {
                "operationMetadataId": "a918389c-b24d-41ee-9f52-192844e85822"
              },
              "type": "IncrementVariable",
              "inputs": {
                "name": "IterationCount",
                "value": 2
              }
            },
            "Apply_to_each": {
              "foreach": "@outputs('Extract_the_key_phrases_from_text')?['body/responsev2/predictionOutput/results']",
              "actions": {
                "Append_to_array_variable": {
                  "runAfter": {},
                  "metadata": {
                    "operationMetadataId": "486cc0c7-1683-4ddf-b4d1-d28733d63274"
                  },
                  "type": "AppendToArrayVariable",
                  "inputs": {
                    "name": "ResultArray",
                    "value": "@items('Apply_to_each')?['phrase']"
                  }
                }
              },
              "runAfter": {
                "Extract_the_key_phrases_from_text": [
                  "Succeeded"
                ]
              },
              "metadata": {
                "operationMetadataId": "ef354858-8119-404e-9d39-9c284abb2ba6"
              },
              "type": "Foreach"
            },
            "Swap_Indices": {
              "runAfter": {
                "Increment_Iteration_Count": [
                  "Succeeded"
                ]
              },
              "metadata": {
                "operationMetadataId": "3c320954-5fad-46cb-86e0-8baf69d02c2a"
              },
              "type": "IncrementVariable",
              "inputs": {
                "name": "StartIndex",
                "value": "@variables('EndIndex')"
              }
            },
            "Increment_IncrementValue,_validating_end_index": {
              "runAfter": {
                "Swap_Indices": [
                  "Succeeded"
                ]
              },
              "metadata": {
                "operationMetadataId": "0597bc27-810c-444a-961c-1ca6f7fe278c"
              },
              "type": "IncrementVariable",
              "inputs": {
                "name": "incrementValue",
                "value": "@mul(variables('EndIndex'), variables('IterationCount'))"
              }
            },
            "Get_Valid_index_value_wrt_to_Text_length": {
              "actions": {
                "Set_variable_1": {
                  "runAfter": {},
                  "metadata": {
                    "operationMetadataId": "2aa51750-e312-4479-ab15-8ed3e7fb9348"
                  },
                  "type": "SetVariable",
                  "inputs": {
                    "name": "EndIndex",
                    "value": "@sub(length(triggerBody()?['text']), 1)"
                  }
                }
              },
              "runAfter": {
                "Increment_IncrementValue,_validating_end_index": [
                  "Succeeded"
                ]
              },
              "else": {
                "actions": {
                  "Set_variable": {
                    "runAfter": {},
                    "metadata": {
                      "operationMetadataId": "faa199db-9559-4cfa-bf0d-3e880204102f"
                    },
                    "type": "SetVariable",
                    "inputs": {
                      "name": "EndIndex",
                      "value": "@variables('incrementValue')"
                    }
                  }
                }
              },
              "expression": {
                "and": [
                  {
                    "greaterOrEquals": [
                      "@variables('incrementValue')",
                      "@length(triggerBody()?['text'])"
                    ]
                  }
                ]
              },
              "metadata": {
                "operationMetadataId": "d6ea8a95-8ef5-449a-a0f7-048012bb380e"
              },
              "type": "If"
            }
          },
          "runAfter": {
            "Check_to_pass_valid_index": [
              "Succeeded"
            ]
          },
          "expression": "@greaterOrEquals(variables('StartIndex'),length(triggerBody()?['text']))",
          "limit": {
            "count": 60,
            "timeout": "PT1H"
          },
          "metadata": {
            "operationMetadataId": "f44172de-3faf-4254-b68a-b360eeea7e9c"
          },
          "type": "Until"
        },
        "Initialize_Value_of_Index_Increments": {
          "runAfter": {
            "Variable_to_store_End_Index": [
              "Succeeded"
            ]
          },
          "metadata": {
            "operationMetadataId": "2cee8314-b48a-42b3-ac03-6727aebf0c39"
          },
          "type": "InitializeVariable",
          "inputs": {
            "variables": [
              {
                "name": "incrementValue",
                "type": "integer",
                "value": 1
              }
            ]
          }
        },
        "Variable_to_store_End_Index": {
          "runAfter": {
            "Variable_to_store_Starting_index": [
              "Succeeded"
            ]
          },
          "metadata": {
            "operationMetadataId": "f5f02536-0b49-4767-9d52-b34c4c4b64dc"
          },
          "type": "InitializeVariable",
          "inputs": {
            "variables": [
              {
                "name": "EndIndex",
                "type": "integer",
                "value": 5120
              }
            ]
          }
        },
        "Response": {
          "runAfter": {
            "Do_until": [
              "Succeeded"
            ]
          },
          "metadata": {
            "operationMetadataId": "9f7eadcf-5afb-45c3-ac65-74f0d207da74"
          },
          "type": "Response",
          "kind": "Http",
          "inputs": {
            "statusCode": 200,
            "body": {
              "KeyPhrases": "@variables('ResultArray')"
            },
            "schema": {
              "type": "object",
              "properties": {
                "KeyPhrases": {
                  "type": "array",
                  "items": {
                    "type": "string"
                  }
                }
              }
            }
          }
        },
        "Check_to_pass_valid_index": {
          "actions": {
            "Set_variable_2": {
              "runAfter": {},
              "metadata": {
                "operationMetadataId": "d67e61e3-6faf-47d0-86d5-510bd1008bfd"
              },
              "type": "SetVariable",
              "inputs": {
                "name": "EndIndex",
                "value": "@length(triggerBody()?['text'])"
              }
            }
          },
          "runAfter": {
            "Initialize_array_to_store_result": [
              "Succeeded"
            ]
          },
          "else": {
            "actions": {
              "Set_variable_3": {
                "runAfter": {},
                "metadata": {
                  "operationMetadataId": "ceb9a0d0-2f6f-45f1-9e90-65d48360107b"
                },
                "type": "SetVariable",
                "inputs": {
                  "name": "EndIndex",
                  "value": 5120
                }
              }
            }
          },
          "expression": {
            "and": [
              {
                "greaterOrEquals": [
                  "@variables('EndIndex')",
                  "@length(triggerBody()?['text'])"
                ]
              }
            ]
          },
          "metadata": {
            "operationMetadataId": "67ec89ef-6d3d-4635-849d-b3b544132091"
          },
          "type": "If"
        }
      }
    },
    "templateName": ""
  },
  "schemaVersion": "1.0.0.0"
}