{
  "properties": {
    "connectionReferences": {
      "shared_encodiandocumentmanager": {
        "runtimeSource": "invoker",
        "connection": {
          "connectionReferenceLogicalName": "new_sharedencodiandocumentmanager_7cb9f"
        },
        "api": {
          "name": "shared_encodiandocumentmanager"
        }
      },
      "shared_onedriveforbusiness_1": {
        "runtimeSource": "invoker",
        "connection": {
          "connectionReferenceLogicalName": "new_sharedonedriveforbusiness_8126b"
        },
        "api": {
          "name": "shared_onedriveforbusiness"
        }
      }
    },
    "definition": {
      "$schema": "https://schema.management.azure.com/providers/Microsoft.Logic/schemas/2016-06-01/workflowdefinition.json#",
      "contentVersion": "undefined",
      "parameters": {
        "$connections": {
          "defaultValue": {},
          "type": "Object"
        },
        "$authentication": {
          "defaultValue": {},
          "type": "SecureObject"
        }
      },
      "triggers": {
        "manual": {
          "metadata": {
            "operationMetadataId": "20f31a0c-9774-4f43-b608-46747ad85b8d"
          },
          "type": "Request",
          "kind": "PowerAppV2",
          "inputs": {
            "schema": {
              "type": "object",
              "properties": {
                "text": {
                  "description": "Please enter your input",
                  "title": "HtmlData",
                  "type": "string",
                  "x-ms-content-hint": "TEXT",
                  "x-ms-dynamically-added": true
                }
              },
              "required": [
                "text"
              ]
            }
          }
        }
      },
      "actions": {
        "Convert_HTML_to_PDF": {
          "runAfter": {},
          "metadata": {
            "operationMetadataId": "78e18220-c09d-4abe-94c3-e300798c2aaf"
          },
          "type": "OpenApiConnection",
          "inputs": {
            "host": {
              "connectionName": "shared_encodiandocumentmanager",
              "operationId": "HtmlToPDF",
              "apiId": "/providers/Microsoft.PowerApps/apis/shared_encodiandocumentmanager"
            },
            "parameters": {
              "operation/outputFilename": "TaskDetails",
              "operation/htmlData": "@triggerBody()['text']",
              "operation/pageOrientation": "Portrait",
              "operation/pageSize": "A4",
              "operation/viewPort": "Default",
              "operation/MarginTop": 25,
              "operation/MarginBottom": 25,
              "operation/MarginRight": 25,
              "operation/MarginLeft": 25,
              "operation/enableBookmarks": true,
              "operation/enableJavaScript": true,
              "operation/enableHyperlinks": true,
              "operation/createPdfForm": false,
              "operation/decodeHtmlData": true,
              "operation/cssType": "Screen",
              "operation/repeatTableHeader": true,
              "operation/repeatTableFooter": true,
              "operation/splitImages": false,
              "operation/splitTextLines": false,
              "operation/delay": 2000,
              "operation/FinalOperation": true
            },
            "authentication": "@parameters('$authentication')"
          }
        },
        "Store_Pdf_in_OneDrive_2": {
          "runAfter": {
            "Convert_HTML_to_PDF": [
              "Succeeded"
            ]
          },
          "metadata": {
            "operationMetadataId": "7d8a8110-44c7-4f82-afdb-73cfc3ce8f28"
          },
          "type": "OpenApiConnection",
          "inputs": {
            "host": {
              "connectionName": "shared_onedriveforbusiness_1",
              "operationId": "CreateFile",
              "apiId": "/providers/Microsoft.PowerApps/apis/shared_onedriveforbusiness"
            },
            "parameters": {
              "folderPath": "/Deekshith/28-08-2024 to 02-08-2024/files",
              "name": "TaskDetails.pdf",
              "body": "@outputs('Convert_HTML_to_PDF')?['body/FileContent']"
            },
            "authentication": "@parameters('$authentication')"
          },
          "runtimeConfiguration": {
            "contentTransfer": {
              "transferMode": "Chunked"
            }
          }
        }
      }
    },
    "templateName": ""
  },
  "schemaVersion": "1.0.0.0"
}