{
  "properties": {
    "connectionReferences": {
      "shared_sendmail": {
        "runtimeSource": "invoker",
        "connection": {},
        "api": {
          "name": "shared_sendmail"
        }
      },
      "shared_powerappsnotificationv2": {
        "runtimeSource": "invoker",
        "connection": {},
        "api": {
          "name": "shared_powerappsnotificationv2"
        }
      }
    },
    "definition": {
      "$schema": "https://schema.management.azure.com/providers/Microsoft.Logic/schemas/2016-06-01/workflowdefinition.json#",
      "contentVersion": "undefined",
      "parameters": {
        "$connections": {
          "defaultValue": {},
          "type": "Object"
        },
        "$authentication": {
          "defaultValue": {},
          "type": "SecureObject"
        }
      },
      "triggers": {
        "manual": {
          "metadata": {
            "operationMetadataId": "1a606376-4cd8-4f80-912b-e40e45ca5eec"
          },
          "type": "Request",
          "kind": "PowerAppV2",
          "inputs": {
            "schema": {
              "type": "object",
              "properties": {
                "text": {
                  "description": "Please enter your input",
                  "title": "HtmlTable",
                  "type": "string",
                  "x-ms-content-hint": "TEXT",
                  "x-ms-dynamically-added": true
                },
                "text_1": {
                  "title": "MailId",
                  "type": "string",
                  "x-ms-dynamically-added": true,
                  "description": "Please enter your input",
                  "x-ms-content-hint": "TEXT"
                },
                "text_2": {
                  "title": "GUID",
                  "type": "string",
                  "x-ms-dynamically-added": true,
                  "description": "Please enter your input",
                  "x-ms-content-hint": "TEXT"
                }
              },
              "required": [
                "text",
                "text_1",
                "text_2"
              ]
            }
          }
        }
      },
      "actions": {
        "Send_an_email_notification_(V3)": {
          "runAfter": {},
          "metadata": {
            "operationMetadataId": "98b03e35-5993-4ad1-8451-8b47be3f980d"
          },
          "type": "OpenApiConnection",
          "inputs": {
            "host": {
              "connectionName": "shared_sendmail",
              "operationId": "SendEmailV3",
              "apiId": "/providers/Microsoft.PowerApps/apis/shared_sendmail"
            },
            "parameters": {
              "request/to": "@{triggerBody()['text_1']};",
              "request/subject": "Your Task Details",
              "request/text": "<p>Here are the Task details that are assigned for you.<br>\n@{triggerBody()?['text']}</p>"
            },
            "authentication": "@parameters('$authentication')"
          }
        },
        "Send_push_notification_V2": {
          "runAfter": {
            "Send_an_email_notification_(V3)": [
              "Succeeded"
            ]
          },
          "metadata": {
            "operationMetadataId": "3ecb0a49-0b18-4f3c-842c-8f74e2ca83c5"
          },
          "type": "OpenApiConnection",
          "inputs": {
            "host": {
              "connectionName": "shared_powerappsnotificationv2",
              "operationId": "SendPushNotificationV2",
              "apiId": "/providers/Microsoft.PowerApps/apis/shared_powerappsnotificationv2"
            },
            "parameters": {
              "payload/playerType": "PowerApps",
              "payload/app": "{\n  \"appIdentifier\": \"210e0798-bbf5-4635-b0d8-be030c0dd77a\",\n  \"displayName\": \"Employee Task Scheduler App\",\n  \"type\": \"CanvasApp\"\n}",
              "payload/recipients": [
                "@triggerBody()['text_1']"
              ],
              "payload/message": "Check out the tasks that's been assigned for you!",
              "payload/openApp": true,
              "payload/dynamicParams/params": {
                "GoToTask": "TaskView",
                "ID": "@triggerBody()['text_2']",
                "restartApp": "true"
              }
            },
            "authentication": "@parameters('$authentication')"
          }
        }
      }
    },
    "templateName": ""
  },
  "schemaVersion": "1.0.0.0"
}