<ImportExportXml xmlns:xsi="http://www.w3.org/2001/XMLSchema-instance" OrganizationVersion="9.2.24084.170" OrganizationSchemaType="Standard" CRMServerServiceabilityVersion="9.2.24084.00170">
  <Entities></Entities>
  <Roles></Roles>
  <Workflows>
    <Workflow WorkflowId="{f4e37c21-796b-ef11-a670-7c1e523c807f}" Name="DocmentScannerFlow">
      <JsonFileName>/Workflows/DocmentScannerFlow-F4E37C21-796B-EF11-A670-7C1E523C807F.json</JsonFileName>
      <Type>1</Type>
      <Subprocess>0</Subprocess>
      <Category>5</Category>
      <Mode>0</Mode>
      <Scope>4</Scope>
      <OnDemand>0</OnDemand>
      <TriggerOnCreate>0</TriggerOnCreate>
      <TriggerOnDelete>0</TriggerOnDelete>
      <AsyncAutodelete>0</AsyncAutodelete>
      <SyncWorkflowLogOnFailure>0</SyncWorkflowLogOnFailure>
      <StateCode>1</StateCode>
      <StatusCode>2</StatusCode>
      <RunAs>1</RunAs>
      <IsTransacted>1</IsTransacted>
      <IntroducedVersion>1.0.0.0</IntroducedVersion>
      <IsCustomizable>1</IsCustomizable>
      <BusinessProcessType>0</BusinessProcessType>
      <IsCustomProcessingStepAllowedForOtherPublishers>1</IsCustomProcessingStepAllowedForOtherPublishers>
      <PrimaryEntity>none</PrimaryEntity>
      <LocalizedNames>
        <LocalizedName languagecode="1033" description="DocmentScannerFlow" />
      </LocalizedNames>
    </Workflow>
  </Workflows>
  <FieldSecurityProfiles></FieldSecurityProfiles>
  <Templates />
  <EntityMaps />
  <EntityRelationships />
  <OrganizationSettings />
  <optionsets />
  <CustomControls />
  <EntityDataProviders />
  <CanvasApps>
    <CanvasApp>
      <Name>cr17b_documentscannerapp_3ad00</Name>
      <AppVersion>2024-09-11T06:55:14Z</AppVersion>
      <Status>Ready</Status>
      <CreatedByClientVersion>3.24091.13.0</CreatedByClientVersion>
      <MinClientVersion>3.24091.13.0</MinClientVersion>
      <Tags>{"primaryDeviceWidth":"1366","primaryDeviceHeight":"768","supportsPortrait":"true","supportsLandscape":"true","primaryFormFactor":"Tablet","showStatusBar":"false","publisherVersion":"3.24091.13","minimumRequiredApiVersion":"2.2.0","hasComponent":"false","hasUnlockedComponent":"false","isUnifiedRootApp":"false","sienaVersion":"20240911T065137Z-3.24091.13.0"}</Tags>
      <IsCdsUpgraded>0</IsCdsUpgraded>
      <GalleryItemId xsi:nil="true"></GalleryItemId>
      <BackgroundColor>rgba(15, 108, 189, 1)</BackgroundColor>
      <DisplayName>Document Scanner App</DisplayName>
      <Description xsi:nil="true"></Description>
      <CommitMessage xsi:nil="true"></CommitMessage>
      <Publisher xsi:nil="true"></Publisher>
      <AuthorizationReferences>[]</AuthorizationReferences>
      <ConnectionReferences>{"477047a3-8719-46b9-9ee4-c6e0842ba6a5":{"id":"/providers/microsoft.powerapps/apis/shared_logicflows","displayName":"Logic flows","iconUri":"https://connectoricons-prod.azureedge.net/releases/v1.0.1697/1.0.1697.3780/logicflows/icon.png","dataSources":["DocmentScannerFlow"],"dependencies":["ca98005f-8d2c-4701-a237-b2ac44b7420e"],"dependents":[],"parameterHints":{"workflowName":{"value":"8fe1f05f-8474-4f85-b0dc-e70c91cd8c09"},"workflowEntityId":{"value":"f4e37c21-796b-ef11-a670-7c1e523c807f"},"workflowDisplayName":{"value":"DocmentScannerFlow"},"ca98005f-8d2c-4701-a237-b2ac44b7420e":{"value":"shared_commondataserviceforapps"}},"parameterHintsV2":{"workflowName":{"value":"8fe1f05f-8474-4f85-b0dc-e70c91cd8c09"},"workflowEntityId":{"value":"f4e37c21-796b-ef11-a670-7c1e523c807f"},"workflowDisplayName":{"value":"DocmentScannerFlow"},"shared_commondataserviceforapps":{"value":"ca98005f-8d2c-4701-a237-b2ac44b7420e"}},"isOnPremiseConnection":false,"bypassConsent":false,"dataSets":{},"apiTier":"Standard","actions":["Run"]},"ca98005f-8d2c-4701-a237-b2ac44b7420e":{"id":"/providers/microsoft.powerapps/apis/shared_commondataserviceforapps","displayName":"Microsoft Dataverse","iconUri":"https://connectoricons-prod.azureedge.net/releases/v1.0.1713/1.0.1713.3887/commondataserviceforapps/icon.png","dataSources":[],"dependencies":[],"dependents":["477047a3-8719-46b9-9ee4-c6e0842ba6a5"],"parameterHints":{},"parameterHintsV2":{},"isOnPremiseConnection":false,"bypassConsent":false,"dataSets":{},"apiTier":"Premium"}}</ConnectionReferences>
      <DatabaseReferences>{"default.cds":{"databaseDetails":{"referenceType":"Environmental","environmentName":"default.cds","overrideValues":{"status":"NotSpecified","environmentVariableName":""}},"dataSources":{"43b0dc67-68af-47ae-9a9c-9e69d396ba3e":{"entitySetName":"msdyn_aimodels","logicalName":"msdyn_aimodel"}}}}</DatabaseReferences>
      <AppComponents>[]</AppComponents>
      <AppComponentDependencies>[]</AppComponentDependencies>
      <CanConsumeAppPass>0</CanConsumeAppPass>
      <CanvasAppType>0</CanvasAppType>
      <BypassConsent>0</BypassConsent>
      <AdminControlBypassConsent>0</AdminControlBypassConsent>
      <EmbeddedApp xsi:nil="true"></EmbeddedApp>
      <IntroducedVersion>1.0</IntroducedVersion>
      <CdsDependencies>{"cdsdependencies":[{"dependencyid":"f4e37c21-796b-ef11-a670-7c1e523c807f","componenttype":29,"componenttypeplatformname":"Workflow"},{"logicalname":"msdyn_aimodel","componenttype":1}]}</CdsDependencies>
      <IsCustomizable>1</IsCustomizable>
      <BackgroundImageUri>/CanvasApps/cr17b_documentscannerapp_3ad00_BackgroundImageUri</BackgroundImageUri>
      <DocumentUri>/CanvasApps/cr17b_documentscannerapp_3ad00_DocumentUri.msapp</DocumentUri>
      <AdditionalUris>
        <AdditionalUri>/CanvasApps/cr17b_documentscannerapp_3ad00_AdditionalUris0_identity.json</AdditionalUri>
      </AdditionalUris>
    </CanvasApp>
  </CanvasApps>
  <connectionreferences>
    <connectionreference connectionreferencelogicalname="cr17b_sharedcommondataserviceforapps_1e21d">
      <connectionreferencedisplayname>Microsoft Dataverse DocumentScannerSolution-1e21d</connectionreferencedisplayname>
      <connectorid>/providers/Microsoft.PowerApps/apis/shared_commondataserviceforapps</connectorid>
      <iscustomizable>1</iscustomizable>
      <promptingbehavior>0</promptingbehavior>
      <statecode>0</statecode>
      <statuscode>1</statuscode>
    </connectionreference>
  </connectionreferences>
  <Languages>
    <Language>1033</Language>
  </Languages>
</ImportExportXml>